Datetime,Water Level (m)
2026-02-05 12:00:00,0.5834253
2026-02-05 13:00:00,0.19286203
2026-02-05 14:00:00,-0.29291433
2026-02-05 15:00:00,-0.7924724
2026-02-05 16:00:00,-1.279264
2026-02-05 17:00:00,-1.5163922
2026-02-05 18:00:00,-1.0776623
2026-02-05 19:00:00,-0.49939054
2026-02-05 20:00:00,0.05522011
2026-02-05 21:00:00,0.49146852
2026-02-05 22:00:00,0.8481808
2026-02-05 23:00:00,0.98915267
2026-02-06 00:00:00,0.798158
2026-02-06 01:00:00,0.37442416
2026-02-06 02:00:00,-0.14697364
2026-02-06 03:00:00,-0.7136027
2026-02-06 04:00:00,-1.238716
2026-02-06 05:00:00,-1.5881433
2026-02-06 06:00:00,-1.3144056
2026-02-06 07:00:00,-0.7600848
2026-02-06 08:00:00,-0.23886555
2026-02-06 09:00:00,0.24004608
2026-02-06 10:00:00,0.6054553
2026-02-06 11:00:00,0.8668478
2026-02-06 12:00:00,0.8473152
2026-02-06 13:00:00,0.54639935
2026-02-06 14:00:00,0.10543422
2026-02-06 15:00:00,-0.42058247
2026-02-06 16:00:00,-0.9249124
2026-02-06 17:00:00,-1.3475497
2026-02-06 18:00:00,-1.3192273
2026-02-06 19:00:00,-0.7583059
2026-02-06 20:00:00,-0.26409987
2026-02-06 21:00:00,0.19501868
2026-02-06 22:00:00,0.5404994
2026-02-06 23:00:00,0.7863081
2026-02-07 00:00:00,0.75530714
2026-02-07 01:00:00,0.44716033
2026-02-07 02:00:00,0.012184077
2026-02-07 03:00:00,-0.5243128
2026-02-07 04:00:00,-1.0533646
2026-02-07 05:00:00,-1.4424409
2026-02-07 06:00:00,-1.5597197
2026-02-07 07:00:00,-1.079794
2026-02-07 08:00:00,-0.5753421
2026-02-07 09:00:00,-0.039836287
2026-02-07 10:00:00,0.35085922
2026-02-07 11:00:00,0.68455756
2026-02-07 12:00:00,0.82660675
2026-02-07 13:00:00,0.6813633
2026-02-07 14:00:00,0.3195067
2026-02-07 15:00:00,-0.13603845
2026-02-07 16:00:00,-0.6383625
2026-02-07 17:00:00,-1.0919805
2026-02-07 18:00:00,-1.3315588
2026-02-07 19:00:00,-1.0240612
2026-02-07 20:00:00,-0.58986354
2026-02-07 21:00:00,-0.13713738
2026-02-07 22:00:00,0.22821109
2026-02-07 23:00:00,0.52334654
2026-02-08 00:00:00,0.6466683
2026-02-08 01:00:00,0.49352005
2026-02-08 02:00:00,0.14041875
2026-02-08 03:00:00,-0.3110168
2026-02-08 04:00:00,-0.7959478
2026-02-08 05:00:00,-1.2546097
2026-02-08 06:00:00,-1.5441648
2026-02-08 07:00:00,-1.3308046
2026-02-08 08:00:00,-0.8643673
2026-02-08 09:00:00,-0.39284742
2026-02-08 10:00:00,0.050252046
2026-02-08 11:00:00,0.39761275
2026-02-08 12:00:00,0.6664079
2026-02-08 13:00:00,0.70935154
2026-02-08 14:00:00,0.49983782
2026-02-08 15:00:00,0.12510675
2026-02-08 16:00:00,-0.31466827
2026-02-08 17:00:00,-0.76306003
2026-02-08 18:00:00,-1.1268327
2026-02-08 19:00:00,-1.1971716
2026-02-08 20:00:00,-0.8752884
2026-02-08 21:00:00,-0.5231833
2026-02-08 22:00:00,-0.13423201
2026-02-08 23:00:00,0.16498233
2026-02-09 00:00:00,0.37412384
2026-02-09 01:00:00,0.3981234
2026-02-09 02:00:00,0.19368759
2026-02-09 03:00:00,-0.15331946
2026-02-09 04:00:00,-0.57050455
2026-02-09 05:00:00,-1.0134841
2026-02-09 06:00:00,-1.3280734
2026-02-09 07:00:00,-1.3996733
2026-02-09 08:00:00,-1.0857313
2026-02-09 09:00:00,-0.6829789
2026-02-09 10:00:00,-0.26135385
2026-02-09 11:00:00,0.11436113
2026-02-09 12:00:00,0.42192796
2026-02-09 13:00:00,0.614601
2026-02-09 14:00:00,0.5952435
2026-02-09 15:00:00,0.37013444
2026-02-09 16:00:00,0.013751525
2026-02-09 17:00:00,-0.36386043
2026-02-09 18:00:00,-0.73626274
2026-02-09 19:00:00,-1.0004296
2026-02-09 20:00:00,-0.98674923
2026-02-09 21:00:00,-0.7532209
2026-02-09 22:00:00,-0.47738853
2026-02-09 23:00:00,-0.1746453
2026-02-10 00:00:00,0.06055576
2026-02-10 01:00:00,0.20176296
2026-02-10 02:00:00,0.18117337
2026-02-10 03:00:00,-0.012011208
2026-02-10 04:00:00,-0.3163023
2026-02-10 05:00:00,-0.6690008
2026-02-10 06:00:00,-0.9973585
2026-02-10 07:00:00,-1.2309307
2026-02-10 08:00:00,-1.2016847
2026-02-10 09:00:00,-0.9480867
2026-02-10 10:00:00,-0.6250117
2026-02-10 11:00:00,-0.24352767
2026-02-10 12:00:00,0.0874085
2026-02-10 13:00:00,0.35197616
2026-02-10 14:00:00,0.5116802
2026-02-10 15:00:00,0.50481975
2026-02-10 16:00:00,0.3130525
2026-02-10 17:00:00,0.006358678
2026-02-10 18:00:00,-0.31749374
2026-02-10 19:00:00,-0.6395933
2026-02-10 20:00:00,-0.86192
2026-02-10 21:00:00,-0.942122
2026-02-10 22:00:00,-0.8489358
2026-02-10 23:00:00,-0.67603856
2026-02-11 00:00:00,-0.44934994
2026-02-11 01:00:00,-0.2502323
2026-02-11 02:00:00,-0.118743785
2026-02-11 03:00:00,-0.0865877
2026-02-11 04:00:00,-0.17540841
2026-02-11 05:00:00,-0.37295994
2026-02-11 06:00:00,-0.61589396
2026-02-11 07:00:00,-0.8635253
2026-02-11 08:00:00,-1.0631449
2026-02-11 09:00:00,-1.0746832
2026-02-11 10:00:00,-0.92252254
2026-02-11 11:00:00,-0.6818285
2026-02-11 12:00:00,-0.35000464
